﻿Emp First name,Emp Last name,Email,Phone Number,Designation,Start Date,End Date,Emp Location,Count
Radha,R,radha@gmail.com,9587689387,Software Engineer,29-Jul-23,30-Jul-23,Bengaluru,3
Raman,K,raman@gmail.com,8348548901,Senior Software Engineer,30-Jul-23,31-Jul-23,Hyderabad,4
Subra,M,subra@gmail.com,8312348901,QA,29-Jul-23,30-Jul-23,Pune,3
Ruthra,V,ruthra@gmail.com,9812348901,Project Lead,29-Jul-23,30-Jul-23,Nagpur,3
Viki,U,viki@gmail.com,9432348901,Manager,29-Jul-23,30-Jul-23,Indore,3
Rahul,M,rahul@gmail.com,9882348901,Senior Manager,29-Jul-23,30-Jul-23,Noida,3
Dinesh,P,dineshp@gmail.com,9772348901,Architect,29-Jul-23,30-Jul-23,Pune,3
Pandey,N,pandeyn@gmail.com,97854328124,Senior Architect,30-Jul-23,31-Jul-23,Chennai,4
